name,id
sur190,0
sur684,1
sur93,2
sur975,3
sur293,4
sur876,5
sur366,6
sur17,7
sur647,8
sur698,9
sur782,10
sur795,11
sur745,12
sur962,13
sur426,14
sur743,15
sur107,16
sur342,17
sur89,18
sur585,19
sur966,20
sur556,21
sur663,22
sur574,23
sur763,24
sur343,25
sur416,26
sur744,27
sur788,28
sur712,29
sur947,30
sur874,31
sur825,32
sur584,33
sur710,34
sur972,35
sur283,36
sur561,37
sur22,38
sur453,39
sur505,40
sur183,41
sur777,42
sur237,43
sur994,44
sur21,45
sur778,46
sur240,47
sur18,48
sur239,49
sur200,50
sur642,51
sur589,52
ane439,53
ane908,54
ane362,55
ane394,56
ane918,57
ane985,58
ane92,59
ane238,60
ane508,61
ane559,62
ane264,63
ane645,64
ane630,65
ane465,66
ane346,67
ane833,68
ane682,69
ane248,70
ane130,71
ane536,72
ane434,73
ane225,74
ane938,75
ane518,76
ane75,77
ane885,78
ane349,79
ane736,80
ane67,81
ane687,82
ane63,83
ane327,84
ane604,85
ane515,86
ane351,87
ane376,88
ane992,89
ane165,90
ane776,91
ane473,92
ane460,93
ane699,94
ane345,95
ane657,96
ane914,97
ane988,98
ane380,99
ane476,100
ane492,101
ane535,102
ane544,103
scr933,104
scr993,105
scr855,106
scr398,107
scr131,108
scr916,109
scr616,110
scr772,111
scr418,112
scr749,113
scr40,114
scr115,115
scr506,116
scr136,117
scr549,118
scr330,119
scr552,120
scr205,121
scr202,122
scr142,123
scr120,124
scr391,125
scr258,126
scr999,127
scr57,128
scr907,129
scr479,130
scr656,131
scr674,132
scr998,133
scr624,134
scr167,135
scr792,136
scr619,137
scr802,138
scr553,139
scr643,140
scr897,141
scr257,142
scr768,143
scr177,144
scr151,145
scr718,146
scr13,147
scr981,148
scr9,149
scr37,150
scr117,151
scr135,152
scr277,153
scr851,154
scr738,155
scr717,156
scr109,157
scr297,158
scr179,159
scr607,160
scr799,161
scr626,162
scr10,163
scr576,164
scr118,165
scr770,166
scr725,167
scr138,168
scr445,169
scr605,170
scr723,171
scr644,172
scr274,173
scr275,174
scr612,175
scr896,176
scr853,177
scr961,178
scr980,179
scr606,180
scr259,181
scr683,182
scr241,183
scr87,184
scr889,185
scr303,186
scr909,187
scr919,188
scr2,189
scr512,190
scr597,191
scr361,192
scr991,193
scr123,194
scr805,195
scr413,196
scr178,197
scr781,198
scr404,199
scr421,200
scr756,201
scr336,202
scr867,203
scr333,204
scr164,205
scr924,206
scr766,207
scr722,208
scr550,209
scr35,210
scr188,211
scr419,212
scr864,213
scr599,214
scr529,215
scr662,216
scr629,217
scr775,218
cir768,219
cir125,220
cir520,221
cir437,222
cir799,223
cir241,224
cir512,225
cir859,226
cir576,227
cir608,228
cir421,229
cir701,230
cir253,231
cir277,232
cir341,233
cir612,234
cir110,235
cir432,236
cir20,237
cir919,238
cir297,239
cir722,240
cir78,241
cir519,242
cir151,243
cir626,244
cir853,245
cir662,246
cir725,247
cir470,248
cir15,249
cir695,250
cir856,251
cir108,252
cir126,253
cir313,254
cir952,255
cir282,256
cir613,257
cir683,258
cir606,259
cir140,260
cir106,261
cir850,262
cir942,263
cir260,264
cir654,265
cir443,266
cir607,267
cir176,268
cir330,269
cir553,270
cir245,271
cir597,272
cir303,273
cir472,274
cir449,275
cir738,276
cir138,277
cir164,278
cir413,279
cir340,280
cir843,281
cir95,282
cir762,283
cir573,284
cir815,285
cir980,286
cir404,287
cir880,288
cir898,289
cir896,290
cir849,291
cir628,292
cir867,293
cir890,294
cir336,295
cir83,296
cir863,297
cir321,298
cir757,299
cir924,300
cir249,301
cir766,302
cir1,303
cir660,304
cir244,305
cir275,306
cir822,307
cir529,308
cir312,309
cir811,310
cir188,311
cir185,312
cir819,313
cir737,314
cir735,315
cir166,316
fai668,317
fai639,318
fai353,319
fai480,320
fai428,321
fai728,322
fai478,323
fai33,324
fai873,325
fai4,326
fai43,327
fai794,328
fai927,329
fai510,330
fai323,331
fai875,332
fai5,333
fai565,334
fai804,335
fai729,336
fai401,337
fai486,338
fai513,339
fai999,340
fai266,341
fai715,342
fai567,343
fai934,344
fai791,345
fai319,346
fai39,347
fai495,348
fai500,349
fai569,350
fai558,351
fai636,352
fai408,353
fai91,354
fai954,355
fai839,356
fai795,357
fai703,358
fai610,359
fai317,360
fai633,361
fai796,362
fai284,363
fai807,364
fai996,365
fai224,366
fai3,367
fai156,368
fai387,369
fai255,370
fai228,371
fai474,372
fai732,373
fai825,374
fai824,375
fai697,376
fai595,377
fai937,378
fai870,379
fai665,380
fai46,381
fai647,382
fai338,383
fai171,384
fai642,385
fai229,386
fai541,387
fai214,388
fai905,389
fai149,390
fai596,391
fai251,392
fai332,393
fai388,394
fai761,395
fai422,396
fai452,397
fai609,398
fai276,399
fai893,400
fai622,401
fai817,402
fai926,403
fai884,404
fai442,405
fai511,406
fai752,407
fai524,408
fai431,409
fai564,410
fai309,411
fai133,412
fai625,413
fai813,414
fai755,415
fai32,416
fai209,417
fai369,418
fai879,419
fai451,420
fai355,421
fai38,422
fai381,423
fai326,424
fai658,425
fai887,426
fai505,427
fai888,428
fai764,429
fai459,430
fai252,431
fai458,432
fai299,433
fai530,434
fai651,435
fai812,436
fai946,437
fai874,438
fai84,439
fai262,440
fai631,441
fai425,442
fai356,443
fai677,444
fai347,445
fai671,446
fai74,447
fai894,448
fai806,449
fai527,450
fai915,451
fai233,452
fai65,453
fai186,454
fai740,455
fai314,456
fai523,457
fai945,458
fai672,459
fai227,460
fai352,461
fai137,462
fai210,463
fai201,464
fai589,465
fai318,466
fai80,467
fai578,468
fai570,469
fai714,470
fai225,471
fai814,472
fai49,473
fai901,474
fai6,475
fai543,476
fai655,477
fai903,478
fai995,479
fai818,480
fai753,481
fai789,482
fai872,483
fai234,484
fai194,485
fai835,486
fai871,487
fai620,488
fai180,489
fai306,490
fai114,491
fai739,492
fai704,493
fai48,494
fai386,495
fai127,496
fai948,497
fai746,498
fai206,499
fai444,500
fai55,501
fai182,502
fai627,503
fai965,504
fai392,505
fai493,506
fai183,507
fai661,508
fai328,509
fai429,510
fai390,511
fai646,512
fai230,513
fai947,514
fai827,515
fai427,516
fai430,517
fai310,518
fai270,519
fai910,520
fai488,521
fai925,522
fai213,523
fai90,524
fai754,525
fai950,526
fai676,527
fai830,528
fai71,529
fai842,530
fai741,531
fai603,532
fai315,533
fai197,534
fai971,535
fai54,536
fai463,537
fai583,538
fai141,539
fai592,540
fai129,541
fai632,542
fai116,543
sai953,544
sai999,545
sai297,546
sai889,547
sai717,548
sai873,549
sai723,550
sai10,551
sai2,552
sai118,553
sai851,554
sai361,555
sai991,556
sai756,557
sai274,558
sai223,559
sai222,560
sai259,561
sai391,562
sai9,563
sai131,564
sai644,565
sai202,566
sai115,567
sai549,568
sai552,569
sai768,570
sai674,571
sai117,572
sai91,573
sai996,574
sai218,575
sai398,576
sai909,577
sai656,578
sai120,579
sai718,580
sai167,581
sai506,582
sai848,583
sai896,584
sai855,585
sai850,586
sai643,587
sai749,588
sai179,589
sai142,590
sai893,591
sai177,592
sai934,593
sai478,594
sai381,595
sai916,596
sai973,597
sai486,598
sai418,599
sai214,600
sai658,601
sai257,602
sai998,603
sai109,604
sai258,605
sai349,606
sai37,607
sai802,608
sai136,609
sai336,610
sai633,611
sai732,612
sai479,613
sai284,614
sai807,615
sai38,616
sai879,617
sai65,618
sai425,619
sai314,620
sai57,621
sai597,622
sai569,623
sai683,624
sai589,625
sai610,626
sai408,627
sai313,628
sai890,629
sai1,630
sai872,631
sai13,632
sai427,633
sai626,634
sai151,635
sai389,636
sai676,637
sai804,638
sai430,639
sai429,640
sai205,641
sai488,642
sai599,643
sai919,644
sai753,645
sai950,646
sai550,647
sai498,648
sai619,649
sai791,650
sai792,651
sai933,652
sai952,653
sai40,654
sai864,655
sai188,656
sai655,657
sai253,658
sai412,659
sai627,660